{
  "lang":"ro",
  "name":"pipeline",
  "version":"0.0.0",
  "spacy_version":">=3.4.4,<3.5.0",
  "description":"",
  "author":"",
  "email":"",
  "url":"",
  "license":"",
  "spacy_git_version":"Unknown",
  "vectors":{
    "width":0,
    "vectors":0,
    "keys":0,
    "name":null,
    "mode":"default"
  },
  "labels":{
    "transformer":[

    ],
    "ner":[
      "DATETIME",
      "EVENT",
      "FACILITY",
      "GPE",
      "LANGUAGE",
      "LOC",
      "MONEY",
      "NAT_REL_POL",
      "NUMERIC",
      "ORDINAL",
      "ORG",
      "PERIOD",
      "PERSON",
      "QUANTITY",
      "WORK_OF_ART"
    ]
  },
  "pipeline":[
    "transformer",
    "ner"
  ],
  "components":[
    "transformer",
    "ner"
  ],
  "disabled":[

  ],
  "performance":{
    "ents_f":0.8574636568,
    "ents_p":0.866889712,
    "ents_r":0.8482403835,
    "ents_per_type":{
      "EVENT":{
        "p":0.5486725664,
        "r":0.5794392523,
        "f":0.5636363636
      },
      "ORG":{
        "p":0.8216340621,
        "r":0.8113636364,
        "f":0.8164665523
      },
      "NUMERIC":{
        "p":0.8888888889,
        "r":0.7371007371,
        "f":0.8059100067
      },
      "PERSON":{
        "p":0.8747789176,
        "r":0.9048664471,
        "f":0.8895683453
      },
      "GPE":{
        "p":0.9050847458,
        "r":0.9035532995,
        "f":0.9043183743
      },
      "PERIOD":{
        "p":0.8244274809,
        "r":0.8372093023,
        "f":0.8307692308
      },
      "NAT_REL_POL":{
        "p":0.9069306931,
        "r":0.8875968992,
        "f":0.8971596474
      },
      "LOC":{
        "p":0.7942386831,
        "r":0.7148148148,
        "f":0.7524366472
      },
      "MONEY":{
        "p":0.880794702,
        "r":0.8364779874,
        "f":0.8580645161
      },
      "DATETIME":{
        "p":0.9066666667,
        "r":0.8590864917,
        "f":0.8822355289
      },
      "FACILITY":{
        "p":0.6517857143,
        "r":0.6460176991,
        "f":0.6488888889
      },
      "ORDINAL":{
        "p":0.9502487562,
        "r":0.9009433962,
        "f":0.9249394673
      },
      "QUANTITY":{
        "p":0.8385093168,
        "r":0.7458563536,
        "f":0.7894736842
      },
      "WORK_OF_ART":{
        "p":0.6685714286,
        "r":0.6647727273,
        "f":0.6666666667
      },
      "LANGUAGE":{
        "p":0.9019607843,
        "r":0.8846153846,
        "f":0.8932038835
      }
    },
    "transformer_loss":9876.1944293267,
    "ner_loss":10418.4152080809
  }
}