{
  "lang":"ro",
  "name":"pipeline",
  "version":"0.0.0",
  "spacy_version":">=3.4.4,<3.5.0",
  "description":"",
  "author":"",
  "email":"",
  "url":"",
  "license":"",
  "spacy_git_version":"Unknown",
  "vectors":{
    "width":0,
    "vectors":0,
    "keys":0,
    "name":null,
    "mode":"default"
  },
  "labels":{
    "transformer":[

    ],
    "ner":[
      "DATETIME",
      "EVENT",
      "FACILITY",
      "GPE",
      "LANGUAGE",
      "LOC",
      "MONEY",
      "NAT_REL_POL",
      "NUMERIC",
      "ORDINAL",
      "ORG",
      "PERIOD",
      "PERSON",
      "QUANTITY",
      "WORK_OF_ART"
    ]
  },
  "pipeline":[
    "transformer",
    "ner"
  ],
  "components":[
    "transformer",
    "ner"
  ],
  "disabled":[

  ],
  "performance":{
    "ents_f":0.8598625066,
    "ents_p":0.864280652,
    "ents_r":0.855489302,
    "ents_per_type":{
      "EVENT":{
        "p":0.6031746032,
        "r":0.7102803738,
        "f":0.652360515
      },
      "ORG":{
        "p":0.8316610925,
        "r":0.8477272727,
        "f":0.8396173326
      },
      "NUMERIC":{
        "p":0.8603988604,
        "r":0.742014742,
        "f":0.7968337731
      },
      "PERSON":{
        "p":0.8832378223,
        "r":0.9023051592,
        "f":0.8926696833
      },
      "GPE":{
        "p":0.9072790295,
        "r":0.885786802,
        "f":0.8964041096
      },
      "PERIOD":{
        "p":0.8636363636,
        "r":0.8837209302,
        "f":0.8735632184
      },
      "NAT_REL_POL":{
        "p":0.9087136929,
        "r":0.8488372093,
        "f":0.877755511
      },
      "LOC":{
        "p":0.7118644068,
        "r":0.7777777778,
        "f":0.7433628319
      },
      "MONEY":{
        "p":0.8823529412,
        "r":0.8490566038,
        "f":0.8653846154
      },
      "DATETIME":{
        "p":0.884086444,
        "r":0.8746355685,
        "f":0.8793356131
      },
      "FACILITY":{
        "p":0.6754385965,
        "r":0.6814159292,
        "f":0.6784140969
      },
      "ORDINAL":{
        "p":0.9441624365,
        "r":0.8773584906,
        "f":0.9095354523
      },
      "QUANTITY":{
        "p":0.8390804598,
        "r":0.8066298343,
        "f":0.8225352113
      },
      "WORK_OF_ART":{
        "p":0.693989071,
        "r":0.7215909091,
        "f":0.7075208914
      },
      "LANGUAGE":{
        "p":0.9574468085,
        "r":0.8653846154,
        "f":0.9090909091
      }
    },
    "transformer_loss":3136.7835618316,
    "ner_loss":3049.6358368057
  }
}