{
  "lang":"ro",
  "name":"pipeline",
  "version":"0.0.0",
  "spacy_version":">=3.5.0,<3.6.0",
  "description":"",
  "author":"",
  "email":"",
  "url":"",
  "license":"",
  "spacy_git_version":"Unknown",
  "vectors":{
    "width":0,
    "vectors":0,
    "keys":0,
    "name":null,
    "mode":"default"
  },
  "labels":{
    "transformer":[

    ],
    "ner":[
      "DATETIME",
      "EVENT",
      "FACILITY",
      "GPE",
      "LANGUAGE",
      "LOC",
      "MONEY",
      "NAT_REL_POL",
      "NUMERIC",
      "ORDINAL",
      "ORG",
      "PERIOD",
      "PERSON",
      "QUANTITY",
      "WORK_OF_ART"
    ]
  },
  "pipeline":[
    "transformer",
    "ner"
  ],
  "components":[
    "transformer",
    "ner"
  ],
  "disabled":[

  ],
  "performance":{
    "ents_f":0.8573286052,
    "ents_p":0.8668578941,
    "ents_r":0.8480065474,
    "ents_per_type":{
      "EVENT":{
        "p":0.5871559633,
        "r":0.5981308411,
        "f":0.5925925926
      },
      "ORG":{
        "p":0.8260381594,
        "r":0.8363636364,
        "f":0.8311688312
      },
      "NUMERIC":{
        "p":0.8898809524,
        "r":0.7346437346,
        "f":0.8048452221
      },
      "PERSON":{
        "p":0.8732694356,
        "r":0.9001097695,
        "f":0.8864864865
      },
      "GPE":{
        "p":0.9112068966,
        "r":0.8942470389,
        "f":0.90264731
      },
      "PERIOD":{
        "p":0.8671875,
        "r":0.8604651163,
        "f":0.8638132296
      },
      "NAT_REL_POL":{
        "p":0.8980392157,
        "r":0.8875968992,
        "f":0.8927875244
      },
      "LOC":{
        "p":0.7630522088,
        "r":0.7037037037,
        "f":0.732177264
      },
      "MONEY":{
        "p":0.8724832215,
        "r":0.8176100629,
        "f":0.8441558442
      },
      "DATETIME":{
        "p":0.9108606557,
        "r":0.8639455782,
        "f":0.8867830424
      },
      "FACILITY":{
        "p":0.552238806,
        "r":0.6548672566,
        "f":0.5991902834
      },
      "ORDINAL":{
        "p":0.94,
        "r":0.8867924528,
        "f":0.9126213592
      },
      "QUANTITY":{
        "p":0.8481012658,
        "r":0.7403314917,
        "f":0.790560472
      },
      "WORK_OF_ART":{
        "p":0.7239263804,
        "r":0.6704545455,
        "f":0.6961651917
      },
      "LANGUAGE":{
        "p":0.9019607843,
        "r":0.8846153846,
        "f":0.8932038835
      }
    },
    "transformer_loss":9382.2838458303,
    "ner_loss":10195.836917721
  }
}